genre,artist,title,discogs_url
Minimal Wave,Artist A,Track 1,http://discogs.com/1
Krautrock,Artist B,Album X,http://discogs.com/2
Italo Disco,Artist C,Single Y,http://discogs.com/3
MPB,Artist D,Song Z,http://discogs.com/4
Afrobeat,Artist E,Groove Q,http://discogs.com/5
German & Minimal Dance,Das Kombinat,Industrielle Landschaften,http://discogs.com/dk
Synth-Pop & Odd Electronics,Circuit Fantôme,Échos Synthétiques,http://discogs.com/cf
Dubwise & Reggae Mutants,Echo Chamber Allstars,Version Excursion,http://discogs.com/eca
Kosmische & Old Electronics,Zeitstrom,Sequenzer Meditationen,http://discogs.com/zs
Ambient & Esoteric,Altar of Sound,Harmonic Resonance,http://discogs.com/aos
Obscure Pop & Private Press,The Lost Tapes,Songs from the Attic,http://discogs.com/ltt
Jazz-Funk & Spiritual,Spirit Ensemble,Celestial Journey,http://discogs.com/se
Electronic & Machine Music,Unit 731,Data Streams,http://discogs.com/u731
